<application packaged="2016-06-15T13:28:37" version="2.0" xmlns="http://aps-standard.org/ns/2">
    <id>http://company.example/app/resmon</id>
    <name>resmon</name>
    <version>1.0</version>
    <release>1</release>
    <homepage>http://doc.apsstandard.org/pa/demo-projects/counter-mgmt</homepage>
    <vendor>
    	<name>Company, Inc</name>
    	<homepage>http://dev.apsstandard.org/</homepage>
    	<icon path="images/icon.png"/>
    </vendor>
  	<packager>
           <name>Company, Inc</name>
    	   <homepage>http://dev.apsstandard.org/</homepage>
    	   <icon path="images/icon.png"/>
    	   <uri>http://dev.apsstandard.org/</uri>
        </packager>
    <presentation>
    	<summary>Simplest starter multi-tenant application</summary>
    	<description>This is a demo application to demonstrate how to add resource monitoring to your basic demo project</description>
        <icon path="images/icon.png"/>
        <changelog>
        	<version release="0" version="1.0">
        		<entry>First release</entry>
        	</version>
        </changelog>
        <categories>
           <category>Samples</category>
    	   <category>Infrastructure/Management</category>
    	</categories>
        <navigation id="ccp" label="VPS Management">
        	<var name="context" type-id="http://company.example/app/resmon/context/1.0"/>
        	<plugs-to id="http://www.aps-standard.org/ui/service"/>
        	<item id="servers" label="Servers">
        		<view id="servers" label="Servers">
        			<view id="server-new-1" label="New VPS" maximized="true">
        				<controls>
        					<cancel/>
        					<next/>
        				</controls>
        			</view>
        			<view id="server-new-last" label="Review">
        				<controls>
        					<prev/>
        					<finish/>
        				</controls>
        			</view>
        			<view id="server-edit" label="Edit VPS" maximized="true">
        				<controls>
        					<cancel/>
        					<submit/>
        				</controls>
        				<var name="vps" type-id="http://company.example/app/resmon/vps/1.0"/>
        			</view>
        		</view>
        	</item>
        	<item id="counters" label="Resource Usage">
        		<view id="counters" label="Resource Usage"/>
        	</item>
        </navigation>
    </presentation>
    <license-agreement must-accept="true">
	<free/>
	<text>
		<name>End-User License Agreement</name>
		<file>http://opensource.org/licenses/bsd-license</file>
	</text>
    </license-agreement>
    <service id="clouds">
		
<schema path="schemas/clouds.schema.gen"/>
<code engine="php" path="scripts/clouds.php"/>
		<presentation>
			<name>VPS cloud globals</name>
			<summary>VPS cloud application global service</summary>
		</presentation>
    </service>
    <service id="contexts">
		
<schema path="schemas/contexts.schema.gen"/>
<code engine="php" path="scripts/contexts.php"/>
		<presentation>
			<name>VPS Management</name>
			<summary>VPS management environment</summary>
		</presentation>
    </service>
    <service id="vpses">
    	
<schema path="schemas/vpses.schema.gen"/>
<code engine="php" path="scripts/vpses.php"/>
    	<presentation>
    		<name>Virtual Private Server</name>
    		<summary>Cloud virtual private server</summary>
    	</presentation>
    </service>
</application>
