<?xml version="1.0" encoding="UTF-8" standalone="yes"?>
<files xmlns="http://apstandard.com/ns/1" xmlns:ns2="http://www.w3.org/2000/09/xmldsig#">
    <file name="i18n/en_US.json" size="3" sha256="257c1be96ae69f4b01c2c69bdb6d78605f59175819fb007d0bf245bf48444c4a"/>
    <file name="images/icon.png" size="2062" sha256="b7ad0a1256344c511adef68971c179098724eaf8e9b7ff4df7167edb930c2f47"/>
    <file name="scripts/contexts.php" size="2965" sha256="9f1d7ecf86096cc1734743cd54b9ced81519e1fa282636fa0e7df04080106c0e"/>
    <file name="scripts/clouds.php" size="1119" sha256="862ea42044e7f6ac279138f21caf8a520ddf4ba9299797565d479f131e1aa44c"/>
    <file name="scripts/vpses.php" size="3303" sha256="1336d5dd473bd8f99f3ef6a89ce2282aa0df44c18bfbbf8eb79b058963debeb1"/>
    <file name="ui/server-edit.html" size="2255" sha256="c5d911fc47a79a31655bfdbcc3d3dc3573b64844d1fbef1efbe438cba84b1ff4"/>
    <file name="ui/server-wizard.json" size="49" sha256="5ca6cea6bffe518ec34a8781d2cf371f37a23aa7fa00e2d21be1c5bc54d7ad29"/>
    <file name="ui/servers.html" size="5162" sha256="161f1a1d5cfd4ac4db432af1228aa7f9e56b1a9b1a57ccf7f35c48405592ed70"/>
    <file name="ui/counters.html" size="1068" sha256="1e59c772f212ded762fc96f9fce612f695bd714aafa10ad385f3c3430e7ab877"/>
    <file name="ui/server-new-last.html" size="2290" sha256="dc932f242b203909617fd44a159956c2cf47fe60bbbb51b4d0cb9f1d9476118b"/>
    <file name="ui/server-new-1.html" size="2739" sha256="a440871dfe622c15ed23051a0386039732cebc964dc0afccbccebfa22b92eb6a"/>
    <file name="ui/displayError.js" size="839" sha256="1cde2f894723c91284130b38d9b65d4afd5d5e344e2a315f1473103c35190660"/>
    <file name="ui/newvps.json" size="264" sha256="ddcd1d43c90d72e7d8d2131551f4c4a2cfe745cf65017a120a600e3f7f0563cf"/>
    <file name="schemas/clouds.schema.gen" size="1026" sha256="221a69e17a44cd443ddf9b3f2a251dfd84551f000e387551e1f6203ce68cd846"/>
    <file name="schemas/contexts.schema.gen" size="1592" sha256="376beb079e60e9562b1a055e83f4ebad8e9000f7df494667382461fcab8fca41"/>
    <file name="schemas/vpses.schema.gen" size="3777" sha256="3f34e6f55593e7e28c97df62db4d6068d7e36534264baf1936ca6b4e99a61f0b"/>
    <file name="APP-META.xml" size="3300" sha256="6d8c737dfe33aaee3cb091788cf7e1e96beca27c2eede4fa599763cf907c64cf"/>
</files>
