<application packaged="2016-06-19T20:46:13" version="2.0" xmlns="http://aps-standard.org/ns/2">
    <id>http://aps-standard.org/samples/basicwithui</id>
    <name>Basic With UI</name>
    <version>1.0</version>
    <release>1</release>
    <homepage>http://doc.apsstandard.org/pa/demo-projects/starter</homepage>
    <vendor>
    	<name>APS team</name>
    	<homepage>http://dev.apsstandard.org/</homepage>
    </vendor>
  	<packager>
           <name>APS team</name>
    	   <homepage>http://dev.apsstandard.org/</homepage>
    	   <uri>http://dev.apsstandard.org/</uri>
        </packager>
    <presentation>
    	<summary>Simplest starter multi-tenant application</summary>
    	<description>This is a demo application to demonstrate how to develop APS apps step by step</description>
        <icon path="images/icon.png"/>
    	<categories>
           <category>Samples</category>
    	   <category>Infrastructure/Management</category>
    	</categories>
    	
       <navigation id="ccp" label="VPS Management">
        	<var name="context" type-id="http://aps-standard.org/samples/basicwithui/context/1.0"/>
        	<plugs-to id="http://www.aps-standard.org/ui/service"/>
        	<item id="servers" label="Servers">
        		<view id="servers" label="Servers">
        			<view id="server-new-1" label="New VPS">
        				<controls>
        					<cancel/>
        					<next/>
        				</controls>
        			</view>
        			<view id="server-new-last" label="Review">
        				<controls>
        					<prev/>
        					<finish/>
        				</controls>
        			</view>
        			<view id="server-edit" label="Edit VPS">
        				<controls>
        					<cancel/>
        					<submit/>
        				</controls>
        				<var name="vps" type-id="http://aps-standard.org/samples/basicwithui/vps/1.0"/>
        			</view>
        		</view>
        	</item>
        </navigation>    	
    	
    </presentation>
    <license-agreement must-accept="true">
	<free/>
	<text>
		<name>End-User License Agreement</name>
		<file>http://opensource.org/licenses/bsd-license</file>
	</text>
    </license-agreement>
    <service id="clouds">
		
		<schema path="schemas/clouds.schema.gen"/>
<code engine="php" path="scripts/clouds.php"/>
		<presentation>
			<name>VPS cloud globals</name>
			<summary>VPS cloud application global service</summary>
		</presentation>
    </service>
    <service id="contexts">
		
		<schema path="schemas/contexts.schema.gen"/>
<code engine="php" path="scripts/contexts.php"/>
		<presentation>
			<name>VPS Management</name>
			<summary>VPS management environment</summary>
		</presentation>
    </service>
    <service id="vpses">
    	<schema path="schemas/vpses.schema.gen"/>
<code engine="php" path="scripts/vpses.php"/>
    	<presentation>
    		<name>Virtual Private Server</name>
    		<summary>Cloud virtual private server</summary>
    	</presentation>
    </service>    
</application>
