<?xml version="1.0" encoding="UTF-8" standalone="yes"?>
<ns2:files xmlns="http://www.w3.org/2000/09/xmldsig#" xmlns:ns2="http://apstandard.com/ns/1">
    <ns2:file name="scripts/application.php" size="519" sha256="f7e2c5d365c6c3f2867f05009888624299f9e95ae0ae81f3a7b67700c1057a11"/>
    <ns2:file name="scripts/clouds.php" size="1792" sha256="3fd5cc275771735b6ae54328a3d4374047519698ea5a16a0253ae8a6aa1037ca"/>
    <ns2:file name="scripts/contexts.php" size="1717" sha256="26098c9716360e87548330e126d0b59c6251f8acd6104d901eb9412d8ddc9aee"/>
    <ns2:file name="scripts/vpses.php" size="4341" sha256="c7a6e62d72e48d552f48a3744005cda10ab94645a57dda3e9d6241aff4f561c7"/>
    <ns2:file name="scripts/elemental_api/configConsts.php" size="1072" sha256="222ca8efd7e9c763afec39a27d18156978631f98486bc5f546aa10d57d719e88"/>
    <ns2:file name="scripts/elemental_api/deltaContents.php" size="3037" sha256="9c34628357204fe9de023875286acd908a7d946d74d0d3161eab56a091799d49"/>
    <ns2:file name="scripts/elemental_api/deltaInput.php" size="4655" sha256="6b5953e69a1cafed45d68f16dd20c9aea3b4808b612a808910d94de88d87b25f"/>
    <ns2:file name="scripts/elemental_api/deltaOutputTemplate.php" size="5647" sha256="c7322974c39fedb7004db93aef396de450fdfa431a39700900dce4fdf1ff4cf7"/>
    <ns2:file name="scripts/elemental_api/elementalRest.php" size="4333" sha256="8779cd8ec7660899cccc8acda0cb3d1a0f059d35d7755fca979c208caf3f5290"/>
    <ns2:file name="scripts/elemental_api/live.php" size="6657" sha256="714c39fb642448958dda723265c60b7de7a11454fc8e3bd0c05e00ed08a6a1f9"/>
    <ns2:file name="scripts/elemental_api/testLive.php" size="5181" sha256="96b1bf2409744c407fc13fbea3faef5bb3966ad6314208b6dbb6b88462b06831"/>
    <ns2:file name="scripts/elemental_api/utils.php" size="319" sha256="c75875d962006c87dbc87d2f41081eb7c5047985d66c5cd2a44937896c5661c9"/>
    <ns2:file name="images/icon.png" size="2062" sha256="b7ad0a1256344c511adef68971c179098724eaf8e9b7ff4df7167edb930c2f47"/>
    <ns2:file name="ui/sample_grid.html" size="1794" sha256="b68c8ea477fe66b8d8a41588d02037bfdc5a8137c640d887da4a25b5544687d5"/>
    <ns2:file name="ui/displayError.js" size="839" sha256="1cde2f894723c91284130b38d9b65d4afd5d5e344e2a315f1473103c35190660"/>
    <ns2:file name="ui/newvps.json" size="273" sha256="c10063d562dbc21d0a6ea3b2cbeed04a7ea9a730d2354fed8d48003b62e629ef"/>
    <ns2:file name="ui/server-edit.html" size="2255" sha256="c5d911fc47a79a31655bfdbcc3d3dc3573b64844d1fbef1efbe438cba84b1ff4"/>
    <ns2:file name="ui/server-new-1.html" size="2733" sha256="05b764d8652cc95aa0bbf2fd3829a76076311d161fb8037f0c83e147640b7fa5"/>
    <ns2:file name="ui/server-new-last.html" size="2301" sha256="1f89d9d2eef7d16a396a3113f37123b3fe844a44bdc25f4e940b9d3183e69915"/>
    <ns2:file name="ui/server-wizard.json" size="48" sha256="10590721a09cc17cfd7f53853e16e4675624e0eeac2faa450fae9a95c2aca281"/>
    <ns2:file name="ui/servers.html" size="5180" sha256="8a11d1e41f625a543286e0070f0ecf3971b6ffddc73d12ea2b1082fa2bb66673"/>
    <ns2:file name="APP-META-ORIGINAL.xml" size="3004" sha256="80f40f675481177bedfc1c4bac8c8176eb1970fe67bda51263549a7474e60aa4"/>
    <ns2:file name="i18n/en_US.json" size="3" sha256="257c1be96ae69f4b01c2c69bdb6d78605f59175819fb007d0bf245bf48444c4a"/>
    <ns2:file name="schemas/clouds.schema.gen" size="1046" sha256="cf104e50dcf2574ceead32c60f3d74b9f62c2fa4fe8bf7a7d4234cb4394ac0bf"/>
    <ns2:file name="schemas/contexts.schema.gen" size="1433" sha256="a5c0d435b9a0035a3340493de81d6d6c56690014bf4d31ae2c98216b5e7f2b5b"/>
    <ns2:file name="schemas/vpses.schema.gen" size="4482" sha256="3b9e0110166aa36395220a8879d250b04f19e18e42f1037367cfb86df6ac8c81"/>
    <ns2:file name="APP-META.xml" size="2944" sha256="b8fd6b149d2c21bbaeb84bb08bd030d45d64e8bac8556358d1f0ec21575ac3e5"/>
</ns2:files>
