<application packaged="2016-06-16T14:31:56" version="2.0" xmlns="http://aps-standard.org/ns/2">

    <id>http://embratel.com.br/app/VDN_Embratel</id>
    <name>VDN_Embratel</name>
    <version>1.0</version>
    <release>1</release>
    <homepage>http://embratel.com.br/app/VDN_Embratel</homepage>
    <vendor>
        <name>Embratel</name>
        <homepage>https://embratel.com.br</homepage>
    </vendor>
    <packager>
        <name>Fastlane</name>
        <homepage>https://flts.com.br</homepage>
    </packager>
	<presentation>
		<summary>Elemental Server/Live/Delta plugin for parallels</summary>
		<description>APS para suportar venda de infraestrutura para provedores de conteúdo.
Permite configurar os back-ends:
Elemental server - para encoding de conteúdo estático
Elemental live - para streaming ao vivo
Elemental delta para empacotamento
CISCO VDN para entrega distribuída de conteúdo</description>
		<icon path="images/icon.png"/>
		<changelog>
			<version release="1" version="1.0">
				<entry>Initial release.</entry>
			</version>
		</changelog>
		<categories>
			<category>Video Streaming</category>
		</categories>

		<navigation id="pcp" label="Provider Sample">
			<var name="uiview_pcp" type-id="http://embratel.com.br/app/VDN_Embratel/application/1.0"/>
			<plugs-to id="http://www.aps-standard.org/ui/application"/>

			<item id="provider_sample" label="Provider Sample">
				<view id="sample_grid" label="Sample Grid">
				</view>
			</item>
		</navigation>
	</presentation>

    <license-agreement>
        <free/>
        <text>
            <name>End-User License Agreement</name>
            <url>http://opensource.org/licenses/bsd-license</url>
        </text>
    </license-agreement>

	<service id="applications">
		
		<schema path="schemas/application.schema.gen"/>
<code engine="php" path="scripts/application.php"/>
		<presentation>
			<name>Embratel VDN</name>
			<summary>Embratel Video Delivery Netwoark</summary>
			<icon path="images/icon.png"/>
			<infolinks>
				<link class="deployment-guide" href="http://parallels.com/link-to-deployment-guide">Deployment Guide</link>
				<link class="support" href="http://parallels.com/link-to-support">Support Guide</link>
			</infolinks>
		</presentation>
	</service>

	<service id="contexts">
		<schema path="schemas/contexts.schema.gen"/>
<code engine="php" path="scripts/contexts.php"/>
	</service>

	<service id="jobs">
		<schema path="schemas/jobs.schema.gen"/>
<code engine="php" path="scripts/jobs.php"/>
	</service>

	<service id="channels">
		<schema path="schemas/channels.schema.gen"/>
<code engine="php" path="scripts/channels.php"/>
	</service>

</application>
