<application packaged="2016-05-26T17:17:07" version="2.0" xmlns="http://aps-standard.org/ns/2">

    <id>mozyProAPS2</id>
    <name>mozy APS2</name>
    <version>2.0</version>
    <release>1.8</release>
    <homepage>http://www.mozy.com</homepage>
    <vendor>
        <name>Mozy</name>
        <homepage>http://www.Mozy.com/</homepage>
        <icon path="images/mozy-logo.png"/>
    </vendor>
    <packager>
        <name>SofCloudIT</name>
        <homepage>http://www.sofcloudit.com</homepage>
        <icon path="images/sofcloudit64.png"/>
        <uri>uuid:3f2c57a0-6894-772e-123a-2fe71e10b8b1</uri>
    </packager>

    <presentation>

        <summary>APS for Mozy</summary>
        <description>Mozy is the world's most trusted online backup service with more than 3 million customers and 80,000 business customers backing up over 90 petabytes of information to multiple data centers around the globe. MozyPro offers cost-effective, easy-to-use and secure online data backup and access for small businesses to large enterprises. Protect your information in the cloud, and be able to access it wherever you need it.</description>


        <icon path="images/mozy-logo.png"/>
        <screenshot path="images/mozyProCap640.PNG">
            <description>Screenshot of the Mozy Portal.</description>
        </screenshot>
        <changelog>
            <version release="0.1" version="1.0">
                <entry>Initial product package</entry>
            </version>
            <version release="0.3" version="1.0">
                <entry>Service users behaviour fixed, documentation updated</entry>
            </version>
            <version release="0.4" version="1.0">
                <entry>mozy users created with empty password</entry>
            </version>
            <version release="0.5" version="1.0">
                <entry>mozy users created with empty password fix wrong behaviour</entry>
            </version>
            <version release="0.6" version="1.0">
                <entry>change in xml file to fix minor text</entry>
            </version>
            <version release="0.7" version="1.0">
                <entry>rpm generated to intall php at endpoint.</entry>
            </version>
            <version release="0.8" version="1.0">
                <entry>Fix bug in sincro.php. Change Name of package</entry>
            </version>
            <version release="0.9" version="1.0">
                <entry>Fix bug in sincro.php.</entry>
            </version>
            <version release="0.10" version="1.0">
                <entry>document update</entry>
            </version>
            <version release="0.14" version="1.0">
                <entry>update pt_BR.po file. Add functionality of increase quota for license. Create service user from control panel.</entry>
            </version>
            <version release="0.15" version="1.0">
                <entry>disable subscriptions fixed</entry>
            </version>
            <version release="0.19" version="1.0">
                <entry>updated location file. Change group bug fixed. Behaviour of sincro php fixed</entry>
            </version>
            <version release="0.20" version="1.0">
                <entry>updated location file. Change group behaviour changed</entry>
            </version>
            <version release="0.32" version="1.0">
                <entry>remove remove user button and add new license from users not in default group</entry>
            </version>
            <version release="0.33" version="1.0">
                <entry>bug fixed with logo</entry>
            </version>
            <version release="0.42" version="1.0">
                <entry>location fixed.groups summary change</entry>
            </version>
            <version release="0.48" version="1.0">
                <entry>fixed bug of editing quota</entry>
            </version>
            <version release="0.49" version="1.0">
                <entry>password fill bug</entry>
            </version>
            <version release="0.53" version="1.0">
                <entry>fixed javascript errors and upgrade/downgrade of resources</entry>
            </version>
            <version release="0.54" version="1.0">
                <entry>translations for spanish language</entry>
            </version>
            <version release="0.55" version="1.0">
                <entry>spanish and french translation fix</entry>
            </version>
            <version release="0.57" version="1.0">
                <entry>certification fixes and documentation update</entry>
            </version>
            <version release="0.58" version="1.0">
                <entry>certification fix</entry>
            </version>
            <version release="0.59" version="1.0">
                <entry>certification fix</entry>
            </version>
            <version release="0.60" version="1.0">
                <entry>Issue with CCP, Account tab, hide/show groups tab was not working properly in OSA 6 (trying to update readonly property)</entry>
            </version>
            <version release="0.61" version="1.0">
                <entry>Updated German translation</entry>
            </version>
            <version release="0.1" version="2.0">
                <entry>New functionality Reseller Model and Direct Model. </entry>
            </version>
            <version release="0.2" version="2.0">
                <entry>Some fixes in UI and User Group Sync functionality</entry>
            </version>
            <version release="0.3" version="2.0">
                <entry>Documentation updated and issue with plan switch fixed</entry>
            </version>
            <version release="0.4" version="2.0">
                <entry>Sync email change request and i18n</entry>
            </version>
            <version release="0.5" version="2.0">
                <entry>Unnecessary Remove User link and Account provision with sync enabled</entry>
            </version>
            <version release="0.6" version="2.0">
                <entry>Several i18n words catched, Deployment guide updated and hide new user form feature</entry>
            </version>
            <version release="0.7" version="2.0">
                <entry>i18n updated files and fixed bug in New User form</entry>
            </version>
            <version release="0.8" version="2.0">
                <entry>Implementation review: Documentation updates and PCP usability changes</entry>
            </version>
            <version release="1.1" version="2.0">
                <entry>Updated German translation</entry>
            </version>
            <version release="1.2" version="2.0">
                <entry>Service User Wizard and allowing more than one subscription per customer in direct sales model</entry>
            </version>
            <version release="1.3" version="2.0">
                <entry>Mozy UAT - Bug solved: assigned a no existing license. Documentation changes. Alerts asking for confirmation when removing licenses/sync/users. Enable sync in Reseller Model with the proper Sync quota in Mozy. Configure now works when the first order is done without none resources. If Sync is disabled at group level when a user has sync enabled and previously had modified the sync quota asigned now user sync do not survive in OSA. Logger changed. Cron added to tar log files daily.</entry>
            </version>
            <version release="1.4" version="2.0">
                <entry>PO files updated. cron.sh provided by Mozy team</entry>
            </version>
            <version release="1.5" version="2.0">
                <entry>PO files updated. cron.sh provided by Mozy team. Provider deployment guide specifyng that crons.sh has a parameter where endpoint folder as to be filled.</entry>
            </version>
            <version release="1.6" version="2.0">
                <entry>Default value for OrderType = direct Sales Model. For cases of a customer with multiple subscriptions in Mozy, we will not be able to use the same service user in every Mozy subscription, just in one.</entry>
            </version>
            <version release="1.7" version="2.0">
                <entry>Changes in Deployment Guide to be more specific.</entry>
            </version>
            <version release="1.8" version="2.0">
                <entry>R189-1436 Changes in Deployment Guide to be more specific.</entry>
            </version>
        </changelog>
        <categories>
            <category>Infrastructure/Backup</category>
        </categories>

        <languages>
            <language>en</language>
            <language>es</language>
            <language>fr</language>
            <language>it</language>
            <language>de</language>
            <language>nl</language>
            <language>pt</language>
        </languages>

        <navigation id="pcp" label="Global Settings">
            <var name="globals" type-id="http://www.mozy.com/mozyProAPS2/mozyPro/1.1"/>
            <plugs-to id="http://www.aps-standard.org/ui/application"/>
            <item id="globals" label="Global Settings">
                <view id="mozyPro.view-edit" label="Global Settings">
                    <controls>
                        <submit label="Edit"/>
                    </controls>
                    <view id="mozyPro.edit" label="Global Settings">
                        <controls>
                            <cancel/>
                            <submit label="Save changes"/>
                        </controls>
                    </view>
                </view>
            </item>

            <item id="Branding" label="Branding">
                <view id="mozyProConf.list" label="Branding List">
                    <view id="mozyProConf.edit" label="Branding edit">
                        <var name="Branding" type-id="http://www.mozy.com/mozyProAPS2/mozyProConf/1.1"/>
                        <controls>
                            <cancel label="Back to Branding list"/>
                            <submit label="Save changes"/>
                        </controls>
                    </view>

                    <view id="mozyProConf.new" label="New Branding" src="ui/mozyProConf.edit.html">
                        <controls>
                            <cancel label="Back to Branding list"/>
                            <submit label="Save changes"/>
                        </controls>
                    </view>
                </view>
            </item>

            <item id="substatus" label="Failed Subscriptions" visible="globals.orderType=eq=false">
                <view id="substatus.view" label="Subscriptions Status" src="ui/substatus.view.html"/>
            </item>

        </navigation>
        <navigation id="ccp" label="{Branding.branded_tab_name}">
            <var name="mozyProAccount" type-id="http://www.mozy.com/mozyProAPS2/mozyProAccount/1.5"/>
            <var name="Branding" type-id="http://www.mozy.com/mozyProAPS2/mozyProConf/1.1"/>
            <plugs-to id="http://www.aps-standard.org/ui/service"/>
            <item id="users" label="Users" visible="mozyProAccount.accountType=ne=R">
                <view id="users" label="{Branding.branded_tab_name} Users" src="ui/mozyProAccountUser.list.html">
                </view>
            </item>

            <item id="mozyProReseller" label="Reseller" visible="mozyProAccount.accountType=eq=R">
                <view id="mozyProReseller" label="Reseller" src="ui/mozyProAccountReseller.html">
                </view>
            </item>

            <item id="mozyProGroups" label="User Groups" visible="mozyProAccount.groupview=eq=true">
                <view id="mozyProAccount.groups.list" label="User Groups">
                    <view id="mozyProAccount.groups.edit" label="User Groups edit">
                        <var name="group" type-id="http://www.mozy.com/mozyProAPS2/mozyProAccountGroup/1.0"/>
                        <controls>
                            <cancel label="Back to Groups list"/>
                            <submit label="Save changes"/>
                        </controls>
                    </view>
                    <view id="mozyProAccount.groups.new" label="New User Groups" src="ui/mozyProAccount.groups.edit.html">
                        <controls>
                            <cancel label="Back to Groups list"/>
                            <submit label="Save changes"/>
                        </controls>
                    </view>
                </view>
            </item>

            <item id="mozyProAccount" label="Account">
                <view id="mozyProAccount" label="Account" src="ui/mozyProAccount.general.html">
                </view>
            </item>

        </navigation>

        <navigation id="mycp" label="Mozy Backup">
            <var name="mozyProAccountUser" type-id="http://www.mozy.com/mozyProAPS2/mozyProAccountUser/1.1"/>
            <plugs-to id="http://www.aps-standard.org/ui/user"/>
            <item id="UserProfile" label="UserProfile">
                <view id="UserProfile" label="User Service" src="ui/mozyProAccountUserProfile.html"/>
            </item>
        </navigation>

        <navigation id="suwizard">
            <var name="mozyProAccount" type-id="http://www.mozy.com/mozyProAPS2/mozyProAccount/1.5"/>
            <view id="suwizard.new" label="Add new Mozy for Service User" src="ui/suwizard.new.html">
                <plugs-to id="http://www.aps-standard.org/ui/service/suwizard.new"/>
            </view>
            <view id="suwizard.overview" label="Mozy overview" src="ui/suwizard.overview.html">
                <plugs-to id="http://www.aps-standard.org/ui/service/suwizard.overview"/>
            </view>
            <view id="suservice.view" label="Mozy View" src="ui/suservice.view.html">
                <plugs-to id="http://www.aps-standard.org/ui/service/suservice.view"/>
            </view>
        </navigation>

    </presentation>

    <license-agreement must-accept="true">
        <commercial/>
        <text>
            <name>Mozy terms of service</name>
            <url>https://mozy.com/about/legal/terms</url>
        </text>
    </license-agreement>

    <patch match="version=ge=1"/>
    <service id="mozyPro">
        <schema path="schemas/mozyPro.schema.gen"/>
        <code engine="php" path="scripts/mozyPro.php"/>
        <presentation>
            <name>General</name>
            <summary>Mozy Application</summary>
            <infolinks>
                <link class="deployment-guide" href="file:///docs/APS2-Mozy_Provider_Deployment_guide_v1.16.pdf">APS2 MozyPro Provider guide</link>
                <link class="user-guide" href="file:///docs/APS2-Mozy_Subscriber_guide_v1.4.pdf">APS2 MozyPro Subscriber guide</link>
                <link class="support" href="http://support.mozy.com/support/mozyprogettingstarted">Getting Started with MozyPro</link>
            </infolinks>
        </presentation>
    </service>

    <service id="mozyProAccount">
        <schema path="schemas/mozyProAccount.schema.gen"/>
        <code engine="php" path="scripts/mozyProAccount.php"/>
        <presentation>
            <name>Mozy Account</name>
            <summary>Mozy Account</summary>
            <entry-points>
                <entry class="aps2-view" dst="mozyProAPS2#mozyProAccount">
                    <label>Manage</label>
                </entry>
            </entry-points>
        </presentation>
    </service>

    <service id="mozyProConf">
        <schema path="schemas/mozyProConf.schema.gen"/>
        <code engine="php" path="scripts/mozyProConf.php"/>
        <presentation>
            <name>Conf params</name>
            <summary>Conf params</summary>
        </presentation>
    </service>

    <service id="mozyProAccountGroup">
        <schema path="schemas/mozyProAccountGroup.schema.gen"/>
        <code engine="php" path="scripts/mozyProAccountGroup.php"/>
        <presentation>
            <name>Group params</name>
            <summary>Group params</summary>
        </presentation>
    </service>


    <service id="mozyProAccountUser">
        <schema path="schemas/mozyProAccountUser.schema.gen"/>
        <code engine="php" path="scripts/mozyProAccountUser.php"/>
        <presentation>
            <name>mozyProUsers</name>
            <summary>mozyProUsers</summary>
        </presentation>
    </service>

    <service id="mozyProAccountUserLicense">
        <schema path="schemas/mozyProAccountUserLicense.schema.gen"/>
        <code engine="php" path="scripts/mozyProAccountUserLicense.php"/>
        <presentation>
            <name>mozyProUsers Licenses</name>
            <summary>mozyProUsers Licenses</summary>
        </presentation>
    </service>



</application>
